question_ref,question,average_label,average_score,average_difference
1,What date is proposed for the next meeting?,1.263157894736842,1.0013980100105264,0.8243241822147368
0,What date is set for another meeting?,1.0555555555555556,0.8511157668305556,0.6951245024472222
