question_ref,question,average_label,average_score,average_difference
0,Is a meeting proposed in the future?,0.42105263157894735,0.2199086033921053,0.19754342844157904
1,Is a follow-up meeting proposed?,0.25,0.15389506548500004,0.14619534218199998
2,Did the operator propose another meeting?,-0.21052631578947367,-0.14030407479736837,-0.09346067880894739
3,Did the operator propose a meeting in the future?,-0.4090909090909091,-0.27367704429545453,-0.18099844168636364
